image_0001.jpg,0
image_0002.jpg,0
image_0003.jpg,0
image_0004.jpg,0
image_0005.jpg,0
image_0006.jpg,0
image_0007.jpg,0
image_0008.jpg,0
image_0009.jpg,0
image_0010.jpg,0
image_0011.jpg,0
image_0012.jpg,0
image_0013.jpg,0
image_0014.jpg,0
image_0015.jpg,0
image_0016.jpg,0
image_0017.jpg,0
image_0018.jpg,0
image_0019.jpg,0
image_0020.jpg,0
image_0021.jpg,0
image_0022.jpg,0
image_0023.jpg,0
image_0024.jpg,0
image_0025.jpg,0
image_0026.jpg,0
image_0027.jpg,0
image_0028.jpg,0
image_0029.jpg,0
image_0030.jpg,0
image_0031.jpg,0
image_0032.jpg,0
image_0033.jpg,0
image_0034.jpg,0
image_0035.jpg,0
image_0036.jpg,0
image_0037.jpg,0
image_0038.jpg,0
image_0039.jpg,0
image_0040.jpg,0
image_0041.jpg,0
image_0042.jpg,0
image_0043.jpg,0
image_0044.jpg,0
image_0045.jpg,0
image_0046.jpg,0
image_0047.jpg,0
image_0048.jpg,0
image_0049.jpg,0
image_0050.jpg,0
image_0051.jpg,0
image_0052.jpg,0
image_0053.jpg,0
image_0054.jpg,0
image_0055.jpg,0
image_0056.jpg,0
image_0057.jpg,0
image_0058.jpg,0
image_0059.jpg,0
image_0060.jpg,0
image_0081.jpg,1
image_0082.jpg,1
image_0083.jpg,1
image_0084.jpg,1
image_0085.jpg,1
image_0086.jpg,1
image_0087.jpg,1
image_0088.jpg,1
image_0089.jpg,1
image_0090.jpg,1
image_0091.jpg,1
image_0092.jpg,1
image_0093.jpg,1
image_0094.jpg,1
image_0095.jpg,1
image_0096.jpg,1
image_0097.jpg,1
image_0098.jpg,1
image_0099.jpg,1
image_0100.jpg,1
image_0101.jpg,1
image_0102.jpg,1
image_0103.jpg,1
image_0104.jpg,1
image_0105.jpg,1
image_0106.jpg,1
image_0107.jpg,1
image_0108.jpg,1
image_0109.jpg,1
image_0110.jpg,1
image_0111.jpg,1
image_0112.jpg,1
image_0113.jpg,1
image_0114.jpg,1
image_0115.jpg,1
image_0116.jpg,1
image_0117.jpg,1
image_0118.jpg,1
image_0119.jpg,1
image_0120.jpg,1
image_0121.jpg,1
image_0122.jpg,1
image_0123.jpg,1
image_0124.jpg,1
image_0125.jpg,1
image_0126.jpg,1
image_0127.jpg,1
image_0128.jpg,1
image_0129.jpg,1
image_0130.jpg,1
image_0131.jpg,1
image_0132.jpg,1
image_0133.jpg,1
image_0134.jpg,1
image_0135.jpg,1
image_0136.jpg,1
image_0137.jpg,1
image_0138.jpg,1
image_0139.jpg,1
image_0140.jpg,1
image_0161.jpg,2
image_0162.jpg,2
image_0163.jpg,2
image_0164.jpg,2
image_0165.jpg,2
image_0166.jpg,2
image_0167.jpg,2
image_0168.jpg,2
image_0169.jpg,2
image_0170.jpg,2
image_0171.jpg,2
image_0172.jpg,2
image_0173.jpg,2
image_0174.jpg,2
image_0175.jpg,2
image_0176.jpg,2
image_0177.jpg,2
image_0178.jpg,2
image_0179.jpg,2
image_0180.jpg,2
image_0181.jpg,2
image_0182.jpg,2
image_0183.jpg,2
image_0184.jpg,2
image_0185.jpg,2
image_0186.jpg,2
image_0187.jpg,2
image_0188.jpg,2
image_0189.jpg,2
image_0190.jpg,2
image_0191.jpg,2
image_0192.jpg,2
image_0193.jpg,2
image_0194.jpg,2
image_0195.jpg,2
image_0196.jpg,2
image_0197.jpg,2
image_0198.jpg,2
image_0199.jpg,2
image_0200.jpg,2
image_0201.jpg,2
image_0202.jpg,2
image_0203.jpg,2
image_0204.jpg,2
image_0205.jpg,2
image_0206.jpg,2
image_0207.jpg,2
image_0208.jpg,2
image_0209.jpg,2
image_0210.jpg,2
image_0211.jpg,2
image_0212.jpg,2
image_0213.jpg,2
image_0214.jpg,2
image_0215.jpg,2
image_0216.jpg,2
image_0217.jpg,2
image_0218.jpg,2
image_0219.jpg,2
image_0220.jpg,2
image_0241.jpg,3
image_0242.jpg,3
image_0243.jpg,3
image_0244.jpg,3
image_0245.jpg,3
image_0246.jpg,3
image_0247.jpg,3
image_0248.jpg,3
image_0249.jpg,3
image_0250.jpg,3
image_0251.jpg,3
image_0252.jpg,3
image_0253.jpg,3
image_0254.jpg,3
image_0255.jpg,3
image_0256.jpg,3
image_0257.jpg,3
image_0258.jpg,3
image_0259.jpg,3
image_0260.jpg,3
image_0261.jpg,3
image_0262.jpg,3
image_0263.jpg,3
image_0264.jpg,3
image_0265.jpg,3
image_0266.jpg,3
image_0267.jpg,3
image_0268.jpg,3
image_0269.jpg,3
image_0270.jpg,3
image_0271.jpg,3
image_0272.jpg,3
image_0273.jpg,3
image_0274.jpg,3
image_0275.jpg,3
image_0276.jpg,3
image_0277.jpg,3
image_0278.jpg,3
image_0279.jpg,3
image_0280.jpg,3
image_0281.jpg,3
image_0282.jpg,3
image_0283.jpg,3
image_0284.jpg,3
image_0285.jpg,3
image_0286.jpg,3
image_0287.jpg,3
image_0288.jpg,3
image_0289.jpg,3
image_0290.jpg,3
image_0291.jpg,3
image_0292.jpg,3
image_0293.jpg,3
image_0294.jpg,3
image_0295.jpg,3
image_0296.jpg,3
image_0297.jpg,3
image_0298.jpg,3
image_0299.jpg,3
image_0300.jpg,3
image_0321.jpg,4
image_0322.jpg,4
image_0323.jpg,4
image_0324.jpg,4
image_0325.jpg,4
image_0326.jpg,4
image_0327.jpg,4
image_0328.jpg,4
image_0329.jpg,4
image_0330.jpg,4
image_0331.jpg,4
image_0332.jpg,4
image_0333.jpg,4
image_0334.jpg,4
image_0335.jpg,4
image_0336.jpg,4
image_0337.jpg,4
image_0338.jpg,4
image_0339.jpg,4
image_0340.jpg,4
image_0341.jpg,4
image_0342.jpg,4
image_0343.jpg,4
image_0344.jpg,4
image_0345.jpg,4
image_0346.jpg,4
image_0347.jpg,4
image_0348.jpg,4
image_0349.jpg,4
image_0350.jpg,4
image_0351.jpg,4
image_0352.jpg,4
image_0353.jpg,4
image_0354.jpg,4
image_0355.jpg,4
image_0356.jpg,4
image_0357.jpg,4
image_0358.jpg,4
image_0359.jpg,4
image_0360.jpg,4
image_0361.jpg,4
image_0362.jpg,4
image_0363.jpg,4
image_0364.jpg,4
image_0365.jpg,4
image_0366.jpg,4
image_0367.jpg,4
image_0368.jpg,4
image_0369.jpg,4
image_0370.jpg,4
image_0371.jpg,4
image_0372.jpg,4
image_0373.jpg,4
image_0374.jpg,4
image_0375.jpg,4
image_0376.jpg,4
image_0377.jpg,4
image_0378.jpg,4
image_0379.jpg,4
image_0380.jpg,4
image_0401.jpg,5
image_0402.jpg,5
image_0403.jpg,5
image_0404.jpg,5
image_0405.jpg,5
image_0406.jpg,5
image_0407.jpg,5
image_0408.jpg,5
image_0409.jpg,5
image_0410.jpg,5
image_0411.jpg,5
image_0412.jpg,5
image_0413.jpg,5
image_0414.jpg,5
image_0415.jpg,5
image_0416.jpg,5
image_0417.jpg,5
image_0418.jpg,5
image_0419.jpg,5
image_0420.jpg,5
image_0421.jpg,5
image_0422.jpg,5
image_0423.jpg,5
image_0424.jpg,5
image_0425.jpg,5
image_0426.jpg,5
image_0427.jpg,5
image_0428.jpg,5
image_0429.jpg,5
image_0430.jpg,5
image_0431.jpg,5
image_0432.jpg,5
image_0433.jpg,5
image_0434.jpg,5
image_0435.jpg,5
image_0436.jpg,5
image_0437.jpg,5
image_0438.jpg,5
image_0439.jpg,5
image_0440.jpg,5
image_0441.jpg,5
image_0442.jpg,5
image_0443.jpg,5
image_0444.jpg,5
image_0445.jpg,5
image_0446.jpg,5
image_0447.jpg,5
image_0448.jpg,5
image_0449.jpg,5
image_0450.jpg,5
image_0451.jpg,5
image_0452.jpg,5
image_0453.jpg,5
image_0454.jpg,5
image_0455.jpg,5
image_0456.jpg,5
image_0457.jpg,5
image_0458.jpg,5
image_0459.jpg,5
image_0460.jpg,5
image_0481.jpg,6
image_0482.jpg,6
image_0483.jpg,6
image_0484.jpg,6
image_0485.jpg,6
image_0486.jpg,6
image_0487.jpg,6
image_0488.jpg,6
image_0489.jpg,6
image_0490.jpg,6
image_0491.jpg,6
image_0492.jpg,6
image_0493.jpg,6
image_0494.jpg,6
image_0495.jpg,6
image_0496.jpg,6
image_0497.jpg,6
image_0498.jpg,6
image_0499.jpg,6
image_0500.jpg,6
image_0501.jpg,6
image_0502.jpg,6
image_0503.jpg,6
image_0504.jpg,6
image_0505.jpg,6
image_0506.jpg,6
image_0507.jpg,6
image_0508.jpg,6
image_0509.jpg,6
image_0510.jpg,6
image_0511.jpg,6
image_0512.jpg,6
image_0513.jpg,6
image_0514.jpg,6
image_0515.jpg,6
image_0516.jpg,6
image_0517.jpg,6
image_0518.jpg,6
image_0519.jpg,6
image_0520.jpg,6
image_0521.jpg,6
image_0522.jpg,6
image_0523.jpg,6
image_0524.jpg,6
image_0525.jpg,6
image_0526.jpg,6
image_0527.jpg,6
image_0528.jpg,6
image_0529.jpg,6
image_0530.jpg,6
image_0531.jpg,6
image_0532.jpg,6
image_0533.jpg,6
image_0534.jpg,6
image_0535.jpg,6
image_0536.jpg,6
image_0537.jpg,6
image_0538.jpg,6
image_0539.jpg,6
image_0540.jpg,6
image_0561.jpg,7
image_0562.jpg,7
image_0563.jpg,7
image_0564.jpg,7
image_0565.jpg,7
image_0566.jpg,7
image_0567.jpg,7
image_0568.jpg,7
image_0569.jpg,7
image_0570.jpg,7
image_0571.jpg,7
image_0572.jpg,7
image_0573.jpg,7
image_0574.jpg,7
image_0575.jpg,7
image_0576.jpg,7
image_0577.jpg,7
image_0578.jpg,7
image_0579.jpg,7
image_0580.jpg,7
image_0581.jpg,7
image_0582.jpg,7
image_0583.jpg,7
image_0584.jpg,7
image_0585.jpg,7
image_0586.jpg,7
image_0587.jpg,7
image_0588.jpg,7
image_0589.jpg,7
image_0590.jpg,7
image_0591.jpg,7
image_0592.jpg,7
image_0593.jpg,7
image_0594.jpg,7
image_0595.jpg,7
image_0596.jpg,7
image_0597.jpg,7
image_0598.jpg,7
image_0599.jpg,7
image_0600.jpg,7
image_0601.jpg,7
image_0602.jpg,7
image_0603.jpg,7
image_0604.jpg,7
image_0605.jpg,7
image_0606.jpg,7
image_0607.jpg,7
image_0608.jpg,7
image_0609.jpg,7
image_0610.jpg,7
image_0611.jpg,7
image_0612.jpg,7
image_0613.jpg,7
image_0614.jpg,7
image_0615.jpg,7
image_0616.jpg,7
image_0617.jpg,7
image_0618.jpg,7
image_0619.jpg,7
image_0620.jpg,7
image_0641.jpg,8
image_0642.jpg,8
image_0643.jpg,8
image_0644.jpg,8
image_0645.jpg,8
image_0646.jpg,8
image_0647.jpg,8
image_0648.jpg,8
image_0649.jpg,8
image_0650.jpg,8
image_0651.jpg,8
image_0652.jpg,8
image_0653.jpg,8
image_0654.jpg,8
image_0655.jpg,8
image_0656.jpg,8
image_0657.jpg,8
image_0658.jpg,8
image_0659.jpg,8
image_0660.jpg,8
image_0661.jpg,8
image_0662.jpg,8
image_0663.jpg,8
image_0664.jpg,8
image_0665.jpg,8
image_0666.jpg,8
image_0667.jpg,8
image_0668.jpg,8
image_0669.jpg,8
image_0670.jpg,8
image_0671.jpg,8
image_0672.jpg,8
image_0673.jpg,8
image_0674.jpg,8
image_0675.jpg,8
image_0676.jpg,8
image_0677.jpg,8
image_0678.jpg,8
image_0679.jpg,8
image_0680.jpg,8
image_0681.jpg,8
image_0682.jpg,8
image_0683.jpg,8
image_0684.jpg,8
image_0685.jpg,8
image_0686.jpg,8
image_0687.jpg,8
image_0688.jpg,8
image_0689.jpg,8
image_0690.jpg,8
image_0691.jpg,8
image_0692.jpg,8
image_0693.jpg,8
image_0694.jpg,8
image_0695.jpg,8
image_0696.jpg,8
image_0697.jpg,8
image_0698.jpg,8
image_0699.jpg,8
image_0700.jpg,8
image_0721.jpg,9
image_0722.jpg,9
image_0723.jpg,9
image_0724.jpg,9
image_0725.jpg,9
image_0726.jpg,9
image_0727.jpg,9
image_0728.jpg,9
image_0729.jpg,9
image_0730.jpg,9
image_0731.jpg,9
image_0732.jpg,9
image_0733.jpg,9
image_0734.jpg,9
image_0735.jpg,9
image_0736.jpg,9
image_0737.jpg,9
image_0738.jpg,9
image_0739.jpg,9
image_0740.jpg,9
image_0741.jpg,9
image_0742.jpg,9
image_0743.jpg,9
image_0744.jpg,9
image_0745.jpg,9
image_0746.jpg,9
image_0747.jpg,9
image_0748.jpg,9
image_0749.jpg,9
image_0750.jpg,9
image_0751.jpg,9
image_0752.jpg,9
image_0753.jpg,9
image_0754.jpg,9
image_0755.jpg,9
image_0756.jpg,9
image_0757.jpg,9
image_0758.jpg,9
image_0759.jpg,9
image_0760.jpg,9
image_0761.jpg,9
image_0762.jpg,9
image_0763.jpg,9
image_0764.jpg,9
image_0765.jpg,9
image_0766.jpg,9
image_0767.jpg,9
image_0768.jpg,9
image_0769.jpg,9
image_0770.jpg,9
image_0771.jpg,9
image_0772.jpg,9
image_0773.jpg,9
image_0774.jpg,9
image_0775.jpg,9
image_0776.jpg,9
image_0777.jpg,9
image_0778.jpg,9
image_0779.jpg,9
image_0780.jpg,9
image_0801.jpg,10
image_0802.jpg,10
image_0803.jpg,10
image_0804.jpg,10
image_0805.jpg,10
image_0806.jpg,10
image_0807.jpg,10
image_0808.jpg,10
image_0809.jpg,10
image_0810.jpg,10
image_0811.jpg,10
image_0812.jpg,10
image_0813.jpg,10
image_0814.jpg,10
image_0815.jpg,10
image_0816.jpg,10
image_0817.jpg,10
image_0818.jpg,10
image_0819.jpg,10
image_0820.jpg,10
image_0821.jpg,10
image_0822.jpg,10
image_0823.jpg,10
image_0824.jpg,10
image_0825.jpg,10
image_0826.jpg,10
image_0827.jpg,10
image_0828.jpg,10
image_0829.jpg,10
image_0830.jpg,10
image_0831.jpg,10
image_0832.jpg,10
image_0833.jpg,10
image_0834.jpg,10
image_0835.jpg,10
image_0836.jpg,10
image_0837.jpg,10
image_0838.jpg,10
image_0839.jpg,10
image_0840.jpg,10
image_0841.jpg,10
image_0842.jpg,10
image_0843.jpg,10
image_0844.jpg,10
image_0845.jpg,10
image_0846.jpg,10
image_0847.jpg,10
image_0848.jpg,10
image_0849.jpg,10
image_0850.jpg,10
image_0851.jpg,10
image_0852.jpg,10
image_0853.jpg,10
image_0854.jpg,10
image_0855.jpg,10
image_0856.jpg,10
image_0857.jpg,10
image_0858.jpg,10
image_0859.jpg,10
image_0860.jpg,10
image_0881.jpg,11
image_0882.jpg,11
image_0883.jpg,11
image_0884.jpg,11
image_0885.jpg,11
image_0886.jpg,11
image_0887.jpg,11
image_0888.jpg,11
image_0889.jpg,11
image_0890.jpg,11
image_0891.jpg,11
image_0892.jpg,11
image_0893.jpg,11
image_0894.jpg,11
image_0895.jpg,11
image_0896.jpg,11
image_0897.jpg,11
image_0898.jpg,11
image_0899.jpg,11
image_0900.jpg,11
image_0901.jpg,11
image_0902.jpg,11
image_0903.jpg,11
image_0904.jpg,11
image_0905.jpg,11
image_0906.jpg,11
image_0907.jpg,11
image_0908.jpg,11
image_0909.jpg,11
image_0910.jpg,11
image_0911.jpg,11
image_0912.jpg,11
image_0913.jpg,11
image_0914.jpg,11
image_0915.jpg,11
image_0916.jpg,11
image_0917.jpg,11
image_0918.jpg,11
image_0919.jpg,11
image_0920.jpg,11
image_0921.jpg,11
image_0922.jpg,11
image_0923.jpg,11
image_0924.jpg,11
image_0925.jpg,11
image_0926.jpg,11
image_0927.jpg,11
image_0928.jpg,11
image_0929.jpg,11
image_0930.jpg,11
image_0931.jpg,11
image_0932.jpg,11
image_0933.jpg,11
image_0934.jpg,11
image_0935.jpg,11
image_0936.jpg,11
image_0937.jpg,11
image_0938.jpg,11
image_0939.jpg,11
image_0940.jpg,11
image_0961.jpg,12
image_0962.jpg,12
image_0963.jpg,12
image_0964.jpg,12
image_0965.jpg,12
image_0966.jpg,12
image_0967.jpg,12
image_0968.jpg,12
image_0969.jpg,12
image_0970.jpg,12
image_0971.jpg,12
image_0972.jpg,12
image_0973.jpg,12
image_0974.jpg,12
image_0975.jpg,12
image_0976.jpg,12
image_0977.jpg,12
image_0978.jpg,12
image_0979.jpg,12
image_0980.jpg,12
image_0981.jpg,12
image_0982.jpg,12
image_0983.jpg,12
image_0984.jpg,12
image_0985.jpg,12
image_0986.jpg,12
image_0987.jpg,12
image_0988.jpg,12
image_0989.jpg,12
image_0990.jpg,12
image_0991.jpg,12
image_0992.jpg,12
image_0993.jpg,12
image_0994.jpg,12
image_0995.jpg,12
image_0996.jpg,12
image_0997.jpg,12
image_0998.jpg,12
image_0999.jpg,12
image_1000.jpg,12
image_1001.jpg,12
image_1002.jpg,12
image_1003.jpg,12
image_1004.jpg,12
image_1005.jpg,12
image_1006.jpg,12
image_1007.jpg,12
image_1008.jpg,12
image_1009.jpg,12
image_1010.jpg,12
image_1011.jpg,12
image_1012.jpg,12
image_1013.jpg,12
image_1014.jpg,12
image_1015.jpg,12
image_1016.jpg,12
image_1017.jpg,12
image_1018.jpg,12
image_1019.jpg,12
image_1020.jpg,12
image_1041.jpg,13
image_1042.jpg,13
image_1043.jpg,13
image_1044.jpg,13
image_1045.jpg,13
image_1046.jpg,13
image_1047.jpg,13
image_1048.jpg,13
image_1049.jpg,13
image_1050.jpg,13
image_1051.jpg,13
image_1052.jpg,13
image_1053.jpg,13
image_1054.jpg,13
image_1055.jpg,13
image_1056.jpg,13
image_1057.jpg,13
image_1058.jpg,13
image_1059.jpg,13
image_1060.jpg,13
image_1061.jpg,13
image_1062.jpg,13
image_1063.jpg,13
image_1064.jpg,13
image_1065.jpg,13
image_1066.jpg,13
image_1067.jpg,13
image_1068.jpg,13
image_1069.jpg,13
image_1070.jpg,13
image_1071.jpg,13
image_1072.jpg,13
image_1073.jpg,13
image_1074.jpg,13
image_1075.jpg,13
image_1076.jpg,13
image_1077.jpg,13
image_1078.jpg,13
image_1079.jpg,13
image_1080.jpg,13
image_1081.jpg,13
image_1082.jpg,13
image_1083.jpg,13
image_1084.jpg,13
image_1085.jpg,13
image_1086.jpg,13
image_1087.jpg,13
image_1088.jpg,13
image_1089.jpg,13
image_1090.jpg,13
image_1091.jpg,13
image_1092.jpg,13
image_1093.jpg,13
image_1094.jpg,13
image_1095.jpg,13
image_1096.jpg,13
image_1097.jpg,13
image_1098.jpg,13
image_1099.jpg,13
image_1100.jpg,13
image_1121.jpg,14
image_1122.jpg,14
image_1123.jpg,14
image_1124.jpg,14
image_1125.jpg,14
image_1126.jpg,14
image_1127.jpg,14
image_1128.jpg,14
image_1129.jpg,14
image_1130.jpg,14
image_1131.jpg,14
image_1132.jpg,14
image_1133.jpg,14
image_1134.jpg,14
image_1135.jpg,14
image_1136.jpg,14
image_1137.jpg,14
image_1138.jpg,14
image_1139.jpg,14
image_1140.jpg,14
image_1141.jpg,14
image_1142.jpg,14
image_1143.jpg,14
image_1144.jpg,14
image_1145.jpg,14
image_1146.jpg,14
image_1147.jpg,14
image_1148.jpg,14
image_1149.jpg,14
image_1150.jpg,14
image_1151.jpg,14
image_1152.jpg,14
image_1153.jpg,14
image_1154.jpg,14
image_1155.jpg,14
image_1156.jpg,14
image_1157.jpg,14
image_1158.jpg,14
image_1159.jpg,14
image_1160.jpg,14
image_1161.jpg,14
image_1162.jpg,14
image_1163.jpg,14
image_1164.jpg,14
image_1165.jpg,14
image_1166.jpg,14
image_1167.jpg,14
image_1168.jpg,14
image_1169.jpg,14
image_1170.jpg,14
image_1171.jpg,14
image_1172.jpg,14
image_1173.jpg,14
image_1174.jpg,14
image_1175.jpg,14
image_1176.jpg,14
image_1177.jpg,14
image_1178.jpg,14
image_1179.jpg,14
image_1180.jpg,14
image_1201.jpg,15
image_1202.jpg,15
image_1203.jpg,15
image_1204.jpg,15
image_1205.jpg,15
image_1206.jpg,15
image_1207.jpg,15
image_1208.jpg,15
image_1209.jpg,15
image_1210.jpg,15
image_1211.jpg,15
image_1212.jpg,15
image_1213.jpg,15
image_1214.jpg,15
image_1215.jpg,15
image_1216.jpg,15
image_1217.jpg,15
image_1218.jpg,15
image_1219.jpg,15
image_1220.jpg,15
image_1221.jpg,15
image_1222.jpg,15
image_1223.jpg,15
image_1224.jpg,15
image_1225.jpg,15
image_1226.jpg,15
image_1227.jpg,15
image_1228.jpg,15
image_1229.jpg,15
image_1230.jpg,15
image_1231.jpg,15
image_1232.jpg,15
image_1233.jpg,15
image_1234.jpg,15
image_1235.jpg,15
image_1236.jpg,15
image_1237.jpg,15
image_1238.jpg,15
image_1239.jpg,15
image_1240.jpg,15
image_1241.jpg,15
image_1242.jpg,15
image_1243.jpg,15
image_1244.jpg,15
image_1245.jpg,15
image_1246.jpg,15
image_1247.jpg,15
image_1248.jpg,15
image_1249.jpg,15
image_1250.jpg,15
image_1251.jpg,15
image_1252.jpg,15
image_1253.jpg,15
image_1254.jpg,15
image_1255.jpg,15
image_1256.jpg,15
image_1257.jpg,15
image_1258.jpg,15
image_1259.jpg,15
image_1260.jpg,15
image_1281.jpg,16
image_1282.jpg,16
image_1283.jpg,16
image_1284.jpg,16
image_1285.jpg,16
image_1286.jpg,16
image_1287.jpg,16
image_1288.jpg,16
image_1289.jpg,16
image_1290.jpg,16
image_1291.jpg,16
image_1292.jpg,16
image_1293.jpg,16
image_1294.jpg,16
image_1295.jpg,16
image_1296.jpg,16
image_1297.jpg,16
image_1298.jpg,16
image_1299.jpg,16
image_1300.jpg,16
image_1301.jpg,16
image_1302.jpg,16
image_1303.jpg,16
image_1304.jpg,16
image_1305.jpg,16
image_1306.jpg,16
image_1307.jpg,16
image_1308.jpg,16
image_1309.jpg,16
image_1310.jpg,16
image_1311.jpg,16
image_1312.jpg,16
image_1313.jpg,16
image_1314.jpg,16
image_1315.jpg,16
image_1316.jpg,16
image_1317.jpg,16
image_1318.jpg,16
image_1319.jpg,16
image_1320.jpg,16
image_1321.jpg,16
image_1322.jpg,16
image_1323.jpg,16
image_1324.jpg,16
image_1325.jpg,16
image_1326.jpg,16
image_1327.jpg,16
image_1328.jpg,16
image_1329.jpg,16
image_1330.jpg,16
image_1331.jpg,16
image_1332.jpg,16
image_1333.jpg,16
image_1334.jpg,16
image_1335.jpg,16
image_1336.jpg,16
image_1337.jpg,16
image_1338.jpg,16
image_1339.jpg,16
image_1340.jpg,16